,0,1,accuracy,macro avg,weighted avg
precision,0.93842256003525,0.2356616826601205,0.7061730216092632,0.5870421213476853,0.8547173592858708
recall,0.7132451440053583,0.6538699690402476,0.7061730216092632,0.6835575565228029,0.7061730216092632
f1-score,0.8104842545904292,0.34645669291338577,0.7061730216092632,0.5784704737519075,0.7552143591624163
support,11944.0,1615.0,0.7061730216092632,13559.0,13559.0
