,age,default,balance,housing,loan,day,campaign,pdays,previous,y
count,31636.0,31636.0,31636.0,31636.0,31636.0,31636.0,31636.0,31636.0,31636.0,31636.0
mean,40.93902516120875,0.01845998229864711,1367.173283600961,0.5557592616007081,0.1597863193829814,15.831204956378809,2.7691553925907195,40.3750474143381,0.5891389556201796,0.11613351877607789
std,10.626392941593009,0.13460974745745857,3009.2032169894833,0.49688903097672593,0.36641355786250607,8.31471345018688,3.100676962197195,100.58236542883314,2.4580670268767397,0.3203900268527031
min,18.0,0.0,-8019.0,0.0,0.0,1.0,1.0,-1.0,0.0,0.0
25%,33.0,0.0,72.0,0.0,0.0,8.0,1.0,-1.0,0.0,0.0
50%,39.0,0.0,452.0,1.0,0.0,16.0,2.0,-1.0,0.0,0.0
75%,48.0,0.0,1442.25,1.0,0.0,21.0,3.0,-1.0,0.0,0.0
max,95.0,1.0,98417.0,1.0,1.0,31.0,63.0,871.0,275.0,1.0
